,level_0,index,Date,Trading Index,Settlement Volume (ton),Turnover (yuan),Settlement Price (yuan/ton),Return
0,575,596,2020-09-16,TJEA20,195,"5,015",25.72,
1,576,595,2020-09-17,TJEA20,"3,052","70,806",23.2,-0.09797822706065318
2,577,594,2020-09-18,TJEA20,"2,800","58,800",21.0,-0.09482758620689657
3,578,593,2020-09-28,TJEA20,"4,500","103,500",23.0,0.09523809523809534
4,579,592,2020-09-29,TJEA20,"4,578","114,450",25.0,0.08695652173913038
5,580,591,2020-09-30,TJEA20,"2,880","73,440",25.5,0.020000000000000018
6,581,590,2020-10-12,TJEA20,"1,524","39,624",26.0,0.019607843137254832
7,582,589,2020-10-13,TJEA20,"18,652","477,491",25.6,-0.01538461538461533
8,583,588,2020-10-14,TJEA20,"18,800","479,400",25.5,-0.00390625
9,584,587,2020-10-15,TJEA20,"16,000","403,200",25.2,-0.01176470588235301
10,585,586,2020-10-16,TJEA20,"19,200","480,000",25.0,-0.007936507936507908
11,586,625,2020-10-19,TJEA20,"18,000","460,800",25.6,0.02400000000000002
12,587,624,2020-10-20,TJEA20,"28,200","713,460",25.3,-0.01171875
13,588,623,2020-10-21,TJEA20,"16,800","433,440",25.8,0.01976284584980248
14,589,622,2020-10-22,TJEA20,"25,500","655,350",25.7,-0.003875968992248069
15,590,621,2020-10-23,TJEA20,"25,920","653,184",25.2,-0.01945525291828798
16,591,620,2020-10-26,TJEA20,"16,000","400,000",25.0,-0.007936507936507908
17,592,619,2020-10-27,TJEA20,"27,972","706,293",25.25,0.010000000000000009
18,593,618,2020-10-28,TJEA20,"17,520","441,504",25.2,-0.001980198019801982
19,594,617,2020-10-29,TJEA20,"18,492","468,772",25.35,0.005952380952380931
20,595,616,2020-10-30,TJEA20,"17,600","446,160",25.35,0.0
21,596,615,2020-11-02,TJEA20,"17,800","450,340",25.3,-0.0019723865877712132
22,597,614,2020-11-03,TJEA20,"16,952","427,190",25.2,-0.0039525691699605625
23,598,613,2020-11-04,TJEA20,"17,584","446,634",25.4,0.007936507936507908
24,599,612,2020-11-05,TJEA20,"18,268","459,988",25.18,-0.008661417322834652
25,600,611,2020-11-06,TJEA20,"25,956","651,496",25.1,-0.003177124702144485
26,601,610,2020-11-09,TJEA20,"16,756","427,278",25.5,0.015936254980079667
27,602,609,2020-11-10,TJEA20,"28,518","719,794",25.24,-0.010196078431372602
28,603,608,2020-11-11,TJEA20,"18,492","465,998",25.2,-0.0015847860538826808
29,604,607,2020-11-12,TJEA20,"18,244","461,573",25.3,0.003968253968253954
30,605,606,2020-11-13,TJEA20,"18,760","476,504",25.4,0.0039525691699604515
31,606,645,2020-11-16,TJEA20,"18,572","468,757",25.24,-0.006299212598425252
32,607,644,2020-11-17,TJEA20,"18,648","471,981",25.31,0.0027733755942946914
33,608,643,2020-11-18,TJEA20,"15,552","392,844",25.26,-0.0019755037534570086
34,609,642,2020-11-19,TJEA20,"15,600","391,560",25.1,-0.006334125098970689
35,610,641,2020-11-20,TJEA20,"15,800","398,160",25.2,0.003984063745019917
36,611,640,2020-11-23,TJEA20,"24,000","600,000",25.0,-0.007936507936507908
37,612,639,2020-11-24,TJEA20,"14,000","351,400",25.1,0.0040000000000000036
38,613,638,2020-11-25,TJEA20,"15,800","399,740",25.3,0.007968127490039834
39,614,637,2020-11-26,TJEA20,"12,000","304,800",25.4,0.0039525691699604515
40,615,636,2020-11-27,TJEA20,"21,000","525,000",25.0,-0.015748031496062964
41,616,635,2020-12-22,TJEA20,"3,400","76,500",22.5,-0.09999999999999998
42,617,634,2020-12-23,TJEA20,"3,200","64,800",20.25,-0.09999999999999998
43,618,633,2020-12-24,TJEA20,"28,000","623,560",22.27,0.09975308641975311
44,619,632,2020-12-25,TJEA20,"26,000","624,000",24.0,0.07768298158958231
45,620,631,2021-01-22,TJEA20,"31,200","783,744",25.12,0.046666666666666634
46,621,630,2021-01-25,TJEA20,"47,280","1,199,966",25.38,0.010350318471337605
47,622,629,2021-01-26,TJEA20,"31,600","796,320",25.2,-0.007092198581560294
48,623,628,2021-01-27,TJEA20,"30,400","790,400",26.0,0.031746031746031855
49,624,627,2021-01-28,TJEA20,"14,800","399,600",27.0,0.03846153846153855
50,625,626,2021-01-29,TJEA20,"29,200","794,240",27.2,0.007407407407407307
51,626,665,2021-02-01,TJEA20,"28,800","789,120",27.4,0.007352941176470562
52,627,664,2021-02-02,TJEA20,"28,952","792,706",27.38,-0.0007299270072992359
53,628,663,2021-02-03,TJEA20,"14,500","397,300",27.4,0.0007304601899196239
54,629,662,2021-02-04,TJEA20,"29,140","799,893",27.45,0.0018248175182482562
55,630,661,2021-02-05,TJEA20,"42,000","1,176,000",28.0,0.020036429872495543
56,631,660,2021-02-08,TJEA20,"24,000","672,000",28.0,0.0
57,632,659,2021-02-09,TJEA20,"28,000","784,000",28.0,0.0
58,633,658,2021-02-10,TJEA20,"28,400","791,792",27.88,-0.004285714285714337
59,634,657,2021-02-22,TJEA20,"26,400","739,200",28.0,0.004304160688665792
60,635,656,2021-02-23,TJEA20,"30,400","790,400",26.0,-0.0714285714285714
61,636,655,2021-02-24,TJEA20,"51,000","1,198,500",23.5,-0.09615384615384615
62,637,654,2021-02-25,TJEA20,"16,000","384,000",24.0,0.02127659574468077
63,638,653,2021-02-26,TJEA20,"54,000","1,188,000",22.0,-0.08333333333333337
64,639,652,2021-03-01,TJEA20,"32,000","704,000",22.0,0.0
65,640,651,2021-03-02,TJEA20,"20,930","439,530",21.0,-0.045454545454545414
66,641,650,2021-03-03,TJEA20,"38,072","799,512",21.0,0.0
67,642,649,2021-03-04,TJEA20,"18,000","392,400",21.8,0.03809523809523818
68,643,648,2021-03-05,TJEA20,"30,000","645,000",21.5,-0.013761467889908285
69,644,647,2021-03-08,TJEA20,"18,180","399,960",22.0,0.023255813953488413
70,645,646,2021-03-09,TJEA20,"22,224","498,990",22.45,0.020454545454545503
71,646,685,2021-03-10,TJEA20,"36,000","792,000",22.0,-0.020044543429844075
72,647,684,2021-03-12,TJEA20,"32,000","736,000",23.0,0.045454545454545414
73,648,683,2021-03-15,TJEA20,"28,000","630,000",22.5,-0.021739130434782594
74,649,682,2021-03-17,TJEA20,"1,526","36,624",24.0,0.06666666666666665
75,650,681,2021-03-19,TJEA20,"4,000","92,000",23.0,-0.04166666666666663
76,651,680,2021-03-22,TJEA20,"10,000","250,000",25.0,0.08695652173913038
77,652,679,2021-03-23,TJEA20,"7,526","180,624",24.0,-0.040000000000000036
78,653,678,2021-03-24,TJEA20,"2,000","49,000",24.5,0.02083333333333326
79,654,677,2021-03-26,TJEA20,"5,000","121,000",24.2,-0.01224489795918371
80,655,676,2021-03-29,TJEA20,"16,000","384,000",24.0,-0.008264462809917328
81,656,675,2021-03-30,TJEA20,"1,000","24,250",24.25,0.01041666666666674
82,657,674,2021-03-31,TJEA20,"9,400","231,240",24.6,0.014432989690721598
83,658,673,2021-04-01,TJEA20,"10,000","250,000",25.0,0.016260162601625883
84,659,672,2021-04-07,TJEA20,"15,000","390,000",26.0,0.040000000000000036
85,660,671,2021-04-08,TJEA20,"8,000","206,400",25.8,-0.007692307692307665
86,661,670,2021-04-09,TJEA20,"6,000","153,000",25.5,-0.011627906976744207
87,662,669,2021-04-12,TJEA20,"10,000","270,000",27.0,0.05882352941176472
88,663,668,2021-04-13,TJEA20,"14,000","392,000",28.0,0.03703703703703698
89,664,667,2021-04-14,TJEA20,"14,400","396,000",27.5,-0.017857142857142905
90,665,666,2021-04-26,TJEA20,"13,000","364,000",28.0,0.018181818181818077
91,666,19,2021-04-27,TJEA20,"1,600","44,800",28.0,0.0
92,667,18,2021-04-28,TJEA20,"7,300","203,524",27.88,-0.004285714285714337
93,668,17,2021-05-13,TJEA20,"14,026","399,741",28.5,0.02223816355810615
94,669,16,2021-05-17,TJEA20,40,"1,160",29.0,0.01754385964912286
95,670,15,2021-05-18,TJEA20,"2,000","58,000",29.0,0.0
96,671,14,2021-05-19,TJEA20,"14,000","378,000",27.0,-0.06896551724137934
97,672,13,2021-05-26,TJEA20,"14,200","397,600",28.0,0.03703703703703698
98,673,12,2021-05-27,TJEA20,"20,000","580,000",29.0,0.03571428571428581
99,674,11,2021-05-28,TJEA20,"44,000","1,311,200",29.8,0.02758620689655178
100,675,10,2021-06-01,TJEA20,"40,000","1,240,000",31.0,0.04026845637583887
101,676,9,2021-06-02,TJEA20,"20,000","660,000",33.0,0.06451612903225801
102,677,8,2021-06-03,TJEA20,"8,810","290,730",33.0,0.0
103,678,7,2021-06-04,TJEA20,"117,000","3,802,500",32.5,-0.015151515151515138
104,679,6,2021-06-07,TJEA20,"320,000","9,792,000",30.6,-0.058461538461538454
105,680,5,2021-06-08,TJEA20,"280,000","9,184,000",32.8,0.07189542483660127
106,681,4,2021-06-09,TJEA20,"525,439","17,326,768",32.98,0.005487804878048674
107,682,3,2021-06-10,TJEA20,"31,382","864,850",27.56,-0.16434202546998178
108,683,2,2021-06-11,TJEA20,"5,138","166,985",32.5,0.179245283018868
109,684,1,2021-06-15,TJEA20,"40,000","1,320,000",33.0,0.01538461538461533
110,685,0,2021-06-16,TJEA20,"312,725","10,249,013",32.77,-0.006969696969696848
